access management,cyber security
accountant,finance
accounting,finance
administrative,administrative
analytics,data science
anaplan,it engineer
architect,it engineer
artificial intelligence,it engineer
asset program management,data science
audit,compliance
automation,it engineer
aws,it engineer
banquet,administrative
benefits,hr
big data,data science
boomi,it engineer
business solution,strategy
business strategy,strategy
capital products,finance
change management,organizational
cisco,it engineer
clearance,government
cloud,it engineer
cognos,it engineer
compensation,hr
cook,administrative
cornerstone,training
corporate strategy,strategy
corruption,it compliance
cpq,it engineer
creative director,graphics
customer experience,customer experience
cyber,cyber security
data analyst,data science
data conversion,data science
data delivery,data science
data information,data science
data model,data science
data scientist,data science
deployment,hr
developer,it engineer
devops,it engineer
digital,it engineer
discovery,law
ediscovery,law
encore,it engineer
end engineer,it engineer
engagement,sales
engagement,sales
epic,it engineer
facility security,security
federal,government
finance,finance
financial,finance
firewall,it engineer
fisma,compliance
food,administrative
front end,it engineer
gas,oil & gas
global strategy,strategy
government,government
graphic,graphics
greenhouse,organizational
health,healthcare
HR,HR
human capital,organizational
hybris,it engineer
hyperion,it engineer
icam,cyber security
identity,cyber security
infor cloudSuite,it engineer
instructional design,training
insurance sector,healthcare
it controls,it engineer
ITAM,it compliance
java,it engineer
law,law
life science,healthcare
linux,it engineer
litigation,law
logistics,administrative
m&a,m&a
managed services,sales
marketing,marketing
merge,m&a
microsoft,it engineer
microstrategy,it engineer
momentum,finance
ms,it engineer
netsuite,it engineer
netsuite,it engineer
network,it engineer
network,it engineer
oes,it engineer
office,administrative
oil,oil & gas
one team,administrative
operations,operations
oracle,it engineer
organizational,organizational
pam,cyber security
patch,it engineer
payroll,hr
pdm,data science
pen test,
penetration,cyber security
personnel,hr
platform,it engineer
poly,organizational
polygraph,government
price,pricing
pricing,pricing
procurement,sales
product,project management
program manager,project management
protection,cyber security
public relations,pr
python,data science
qa,it engineer
real estate,real estate
recruiting,hr
risk,cyber security
robotics,it engineer
rpa,it engineer
sales,sales
salesforce,it engineer
sap,it engineer
senior strategy,strategy
server,it engineer
service desk,customer support
servicenow,project management
sharepoint,it engineer
soa,it engineer
software,it engineer
solutions delivery,it engineer
sourcing,finance
spark,data science
splunk,cyber security
strategic,strategy
strategic project,strategy
supply chain,supply chain
tableau,data science
talent,hr
tax,finance
technology,it engineer
test,it engineer
tester,it engineer
top secret,government
TS/SCI,government
user experience,customer experience
ux,customer experience
visual,graphics
websphere,it engineer
workforce transformation,training
pmo,project management
acquisition,m&a
